post_text,likes,comments,shares,platform
"We almost shut down last year. Three co-founders, $0 in the bank, and a product nobody was using. What kept us going wasn't a strategy deck — it was a single DM from a user who said we changed how she runs her mornings. That's why we build.",3200,412,890,instagram
"The difference between brands people love and brands people tolerate? The ones people love talk like humans, not corporations. Your customers can feel when a post was written by a committee. They can also feel when it wasn't.",2800,389,720,instagram
"Unpopular opinion: your content calendar is lying to you. Posting consistently doesn't build an audience. Posting *truthfully* does. We took 30 days off our schedule and our engagement went up 40%.",1900,501,634,linkedin
"Six months ago we shipped a feature nobody asked for. Last week it became our #1 retention driver. The lesson isn't 'build what users don't know they want.' The lesson is: stay close enough to your users that you can see what they need before they can name it.",2100,298,544,instagram
"Hot take: the brands winning on social right now aren't the ones with the biggest budgets. They're the ones willing to be the most honest. Authenticity isn't a content strategy. It's a character trait.",1750,445,612,linkedin
"We messed up a product launch last Tuesday. Sent the wrong email to 12,000 subscribers. Instead of a quiet correction, we wrote a full breakdown of what went wrong and why. That 'mistake email' got more replies than any campaign we've ever run.",3100,567,980,instagram
"Year 1: we thought our product was for everyone. Year 2: we niched down to one vertical. Year 3: revenue 4x'd. Specificity is not a limitation. It's a superpower.",2200,334,721,linkedin
"The founders who make it aren't the ones with the best ideas. They're the ones who stayed in the room the longest when things got uncomfortable. Endurance beats intelligence every time.",1600,412,590,instagram
"We interviewed 200 churned customers last quarter. The #1 reason they left wasn't price. It wasn't features. It was that they 'stopped feeling understood.' That answer changed our entire roadmap.",2900,489,845,linkedin
"Nobody talks about the Tuesday afternoons in year two when you're not sure if this is working and you're too tired to pivot and too invested to quit. That's the valley every real company has to cross.",3800,723,1240,instagram
"Your content doesn't need to go viral. It needs to go deep. One post that makes 50 people feel genuinely seen is worth more to your brand than 50 posts that make 10,000 people scroll past.",2400,456,812,instagram
"The metric we obsess over isn't impressions. It's 'did someone save this to come back to it later?' Saves are the best proxy for genuine value created.",1800,378,534,linkedin
"We used to write posts trying to impress other founders. Now we write for the person who's been at their laptop for 14 hours and needs to know someone else has been there too. Engagement tripled.",3200,612,1050,instagram
"Controversial: most 'growth hacks' are just distractions dressed up as strategy. The brands that outlast everyone else are boring in their consistency and radical in their honesty.",1400,489,678,linkedin
"Our best-performing post of all time wasn't about our product. It was about the week I almost fired myself as CEO. Vulnerability isn't a weakness in branding. It's the entry point for trust.",4100,834,1456,instagram
"Two types of brand content: content that performs and content that compounds. Performance content spikes. Compound content quietly builds the kind of audience that buys everything you make.",2700,401,789,linkedin
"We spent $50k on a brand photoshoot. Our highest-converting content that quarter was a blurry photo I took with my phone at 6am. The audience doesn't care about production value. They care about truth value.",3500,678,1123,instagram
"The loneliest feeling in a startup is when you genuinely believe in what you're building and can't yet prove it to anyone else. If that's you right now: I see you. Stay.",4600,912,1678,instagram
"A framework for writing posts that actually convert: Start with a truth. Add a tension. End with a direction. Never start with the product. Always start with the human.",2100,512,934,linkedin
"We stopped A/B testing our copy and started A/B testing our honesty levels. The more honest version wins. Every. Single. Time.",1900,423,712,instagram
"The audience you want to build isn't the biggest one. It's the one where people feel like they belong to something. Community isn't a feature you add. It's what happens when your content makes people feel less alone.",2800,534,923,linkedin
"Day 1 of our company: 3 people in a shared office that smelled like mold. Today: still the same 3 people. Different office. No mold. The team that starts together compounds together.",2200,398,745,instagram
"Stop writing for the algorithm. The algorithm optimizes for what people click. But brands are built on what people remember. Write for memory, not for clicks.",3100,589,1012,linkedin
"Every time we've grown fastest, it's been because we shared something true that we were scared to share. The correlation is almost embarrassing at this point. Fear of sharing ≈ size of the opportunity.",2600,467,856,instagram
"We have a rule for our content team: if you'd be comfortable with a stranger reading it, rewrite it. Comfort is the enemy of resonance.",1700,356,623,linkedin
"The thing about building in public is that it forces you to think clearly. You can't hide vague strategy behind closed doors. Every decision becomes something you have to be able to explain. That constraint made us 10x better.",2000,412,734,instagram
"Our conversion rate from follower to customer went up when we stopped treating our audience like leads and started treating them like collaborators. They can feel the difference instantly.",1850,389,678,linkedin
"Three years in, the hardest thing isn't the competition. It's staying true to the thing you originally believed when the market is pulling you in seventeen different directions.",2400,456,812,instagram
"We have a content principle we call 'expensive honesty.' Share the thing that costs you something to share. That cost is what creates value for the reader.",3600,712,1234,instagram
"What if the reason your content isn't converting isn't the CTA? What if it's that your audience doesn't trust you yet because you've only ever shown them your wins?",2100,489,834,linkedin
"I've learned more about brand building from watching how people talk about their therapists than from any marketing book. Trust is built through consistency of care, not consistency of content.",1600,367,589,instagram
"The brands that last don't just sell products. They sell a lens through which their audience sees the world differently. What lens does your brand give people?",2300,423,745,linkedin
"We let a 22-year-old intern run our account for a week with zero restrictions. Our engagement that week was higher than any we'd ever seen. It turns out 'brand guidelines' were mostly just fear with a logo on it.",3900,756,1345,instagram
"Nobody's waiting for your next post. But they will make time for the post that makes them feel understood. There's a difference between being consistent and being necessary.",2700,512,934,linkedin
"We almost pivoted away from our core feature three separate times. Each time, a small group of deeply loyal users talked us out of it. The minority who love you loudly are your real product compass.",1900,401,712,instagram
"Content that asks for nothing except the reader's attention is the rarest kind. And it's the kind that earns everything else.",2200,445,778,linkedin
"The reason most brand stories fall flat isn't that the story is boring. It's that the brand is telling it from the destination. Tell it from the middle of the mess. That's where the reader actually is.",2800,556,967,instagram
"Retention is a content strategy. The question isn't just 'how do I get people to follow me?' It's 'how do I make people feel they can't afford to unfollow?'",1700,378,645,linkedin
"We stopped calling them 'users' internally. We started calling them by name. That one shift changed how we wrote every piece of content. Language shapes empathy.",3200,634,1089,instagram
"There's a type of post that performs well and a type that gets screenshotted and sent to friends. Optimize for the second type. That's the actual measure of resonance.",2500,489,845,linkedin
"The day we admitted we didn't have it figured out was the day our audience started trusting us. Expertise builds credibility. Honesty builds loyalty.",3400,678,1156,instagram
"Your brand voice isn't what you say. It's how you make people feel when they're done reading. Every post should leave them feeling something specific. What is yours?",2100,412,734,linkedin
"We track one unusual metric: 'did this post make someone reply with a personal story?' When that number is high, everything else follows. That response is the proof of emotional connection.",1800,523,812,instagram
"The uncomfortable truth about content marketing: most of it is forgettable not because it's bad, but because it's safe. Safe is the most expensive choice you can make.",2900,567,978,linkedin
"Our co-founder cried on a company call last month. We posted about it. It was our most shared piece of content in two years. Humans respond to humans. Always.",4200,867,1456,instagram
"You don't need a bigger audience. You need an audience that believes in you more deeply. Depth before breadth. Always.",2600,489,878,linkedin
"The posts that do nothing for three days and then suddenly take off are always the honest ones. They needed time to find the person who needed them most.",1900,401,712,instagram
"We write every post as if it's going to be read by someone having their worst week. Because sometimes it will be. And that person deserves your best thinking.",3100,612,1045,linkedin
"Building a brand is just repeatedly choosing what you actually believe over what you think will perform. Most people get this backwards.",2400,467,823,instagram
"The secret to content that converts: write until you've said something you weren't planning to say. That unplanned truth is the post. Everything before it is the warm-up.",3700,723,1234,instagram
"Nobody ever unfollowed a brand for being too real. They unfollow for being too polished, too salesy, too perfect. Imperfection is the only content strategy that compounds without limit.",2800,534,934,linkedin
